route,dependency_count,dependencies
Acknowledgements,39,"Affjax.ResponseFormat;Affjax.Web;Control.Alt;D3.Viz.TreeAPI.SankeyDiagram;Data.Array;Data.Either;Data.Maybe;Data.String.CodeUnits;Data.String.Pattern;DataViz.Layout.Sankey.CSV;DataViz.Layout.Sankey.Compute;DataViz.Layout.Sankey.Path;DataViz.Layout.Sankey.Types;Effect;Effect.Aff;Effect.Aff.Class;Effect.Class;Effect.Console;Halogen;Halogen.HTML;Halogen.HTML.Properties;Hylograph.AST;Hylograph.Acknowledgements;Hylograph.Expr.Datum;Hylograph.Expr.Expr;Hylograph.Expr.Friendly;Hylograph.Expr.Interpreter.Eval;Hylograph.Expr.Sugar;Hylograph.Internal.Capabilities.Selection;Hylograph.Internal.Selection.Types;Hylograph.Interpreter.D3;Hylograph.RoutingDSL;Hylograph.Shared.Footer;Hylograph.Shared.SiteNav;Hylograph.Website.Types;Prelude;Routing.Match;Type.Proxy;Web.DOM.Element"
AnimatedAttrTest,1,ARCHIVED
AnimatedTreeCluster,43,"Affjax.ResponseFormat;Affjax.Web;Component.AnimatedTreeCluster;Control.Comonad.Cofree;D3.Viz.AnimatedTreeClusterv2;Data.Argonaut.Core;Data.Array;Data.Either;Data.List;Data.Map;Data.Maybe;Data.Nullable;Data.Time.Duration;Data.Tree;Data.Tuple.Nested;DataViz.Layout.Hierarchy.Cluster;DataViz.Layout.Hierarchy.Tree;Effect;Effect.Aff;Effect.Aff.Class;Effect.Class;Effect.Class.Console;Foreign;Halogen;Halogen.HTML;Halogen.HTML.Events;Halogen.HTML.Properties;Hylograph.Data.Tree;Hylograph.Expr.Animation;Hylograph.Expr.Datum;Hylograph.Expr.Expr;Hylograph.Expr.Integration;Hylograph.Internal.Capabilities.Selection;Hylograph.Internal.Capabilities.Transition;Hylograph.Internal.Selection.Types;Hylograph.Internal.Transition.Types;Hylograph.Interpreter.D3;Hylograph.Shared.DataLoader;Hylograph.Shared.FlareData;Prelude;Type.Proxy;Unsafe.Coerce;Web.DOM.Element"
ChartBuilder,54,"Component.ChartBuilder;Component.ChartBuilder.Data;Component.ChartBuilder.Rendering;Component.ChartBuilder.Templates;Component.ChartBuilder.Types;Control.Alt;Control.Comonad.Cofree;Data.Array;Data.Either;Data.Enum;Data.Eq.Generic;Data.Foldable;Data.Generic.Rep;Data.List;Data.Map;Data.Maybe;Data.Show.Generic;Data.String;Data.String.CodeUnits;Data.Tree;Data.Tuple;Effect;Effect.Aff.Class;Effect.Class;EmmetParser.Converter;EmmetParser.Parser;EmmetParser.Types;EmmetParser.Validator;Halogen;Halogen.HTML;Halogen.HTML.Events;Halogen.HTML.Properties;Hylograph.AST;Hylograph.Expr.Friendly;Hylograph.Internal.Capabilities.Selection;Hylograph.Internal.Selection.Types;Hylograph.Interpreter.D3;Hylograph.RoutingDSL;Hylograph.Shared.SiteNav;Hylograph.Website.Types;Parsing;Parsing.Combinators;Parsing.String;Parsing.String.Basic;Prelude;Routing.Match;TreeBuilder3.TypePropagation;TreeBuilder3.Types;Web.DOM.Document;Web.DOM.Element;Web.DOM.Node;Web.HTML;Web.HTML.HTMLDocument;Web.HTML.Window"
Example,118,"Affjax.ResponseFormat;Affjax.Web;CodeSnippets;Component.Example;Control.Alt;Control.Comonad.Cofree;Control.Monad.Rec.Class;D3.Viz.SimpleForceGraph;D3.Viz.TreeAPI.AnscombesQuartet;D3.Viz.TreeAPI.BarChartExample;D3.Viz.TreeAPI.ChordDiagram;D3.Viz.TreeAPI.ClusterViz;D3.Viz.TreeAPI.EdgeBundleViz;D3.Viz.TreeAPI.GroupedBarChartExample;D3.Viz.TreeAPI.HorizontalTreeViz;D3.Viz.TreeAPI.LineChartExample;D3.Viz.TreeAPI.MultiLineChartExample;D3.Viz.TreeAPI.NestedElementsExample;D3.Viz.TreeAPI.PackViz;D3.Viz.TreeAPI.PartitionViz;D3.Viz.TreeAPI.RadialStackedBarExample;D3.Viz.TreeAPI.RadialTreeViz;D3.Viz.TreeAPI.SankeyDiagram;D3.Viz.TreeAPI.ScatterPlotExample;D3.Viz.TreeAPI.SimpleTreeExample;D3.Viz.TreeAPI.SunburstViz;D3.Viz.TreeAPI.ThreeLittleCircles;D3.Viz.TreeAPI.ThreeLittleCirclesTransition;D3.Viz.TreeAPI.ThreeLittleDimensionsExample;D3.Viz.TreeAPI.TreeViz;D3.Viz.TreeAPI.TreemapViz;D3.Viz.TreeAPI.V3GUPDemo;D3.Viz.TreeAPI.V3ParabolaDemo;D3.Viz.TreeAPI.V3TransitionDemo;Data.Argonaut.Core;Data.Array;Data.Array.NonEmpty;Data.Either;Data.Foldable;Data.Function;Data.Int;Data.List;Data.Map;Data.Maybe;Data.Nullable;Data.Number;Data.Number.Format;Data.String;Data.String.CodeUnits;Data.String.Pattern;Data.Time.Duration;Data.Traversable;Data.Tree;Data.Tuple;DataViz.Layout.Chord;DataViz.Layout.Hierarchy.Cluster;DataViz.Layout.Hierarchy.Core;DataViz.Layout.Hierarchy.EdgeBundle;DataViz.Layout.Hierarchy.Link;DataViz.Layout.Hierarchy.Pack;DataViz.Layout.Hierarchy.Partition;DataViz.Layout.Hierarchy.Tree;DataViz.Layout.Hierarchy.Treemap;DataViz.Layout.Hierarchy.Types;DataViz.Layout.Sankey.CSV;DataViz.Layout.Sankey.Compute;DataViz.Layout.Sankey.Path;DataViz.Layout.Sankey.Types;Effect;Effect.Aff;Effect.Aff.Class;Effect.Class;Effect.Class.Console;Effect.Console;Effect.Random;Effect.Ref;Foreign;Halogen;Halogen.HTML;Halogen.HTML.Properties;Html.Renderer.Halogen;Hylograph.AST;Hylograph.Axis.Axis;Hylograph.Expr.Datum;Hylograph.Expr.Expr;Hylograph.Expr.Friendly;Hylograph.Expr.Integration;Hylograph.Expr.Interpreter.CodeGen;Hylograph.Expr.Interpreter.Eval;Hylograph.Expr.Sugar;Hylograph.ForceEngine.Links;Hylograph.ForceEngine.Simulation;Hylograph.ForceEngine.Types;Hylograph.HATS;Hylograph.HATS.Friendly;Hylograph.HATS.InterpreterTick;Hylograph.Internal.Attribute;Hylograph.Internal.Behavior.FFI;Hylograph.Internal.Behavior.Types;Hylograph.Internal.Capabilities.Selection;Hylograph.Internal.Capabilities.Transition;Hylograph.Internal.Selection.Operations;Hylograph.Internal.Selection.Types;Hylograph.Internal.Transition.Types;Hylograph.Interpreter.D3;Hylograph.PrismJS;Hylograph.RoutingDSL;Hylograph.Shared.Data;Hylograph.Shared.DataLoader;Hylograph.Shared.SiteNav;Hylograph.Shared.Utilities;Hylograph.Website.Types;Partial.Unsafe;Prelude;Routing.Match;Type.Proxy;Unsafe.Coerce;Web.DOM.Element"
Examples,11,"Component.ExamplesGallery;Control.Alt;Data.Maybe;Halogen;Halogen.HTML;Halogen.HTML.Properties;Hylograph.RoutingDSL;Hylograph.Shared.SiteNav;Hylograph.Website.Types;Prelude;Routing.Match"
ForceConfigPOC,23,"Component.SimpleForceGraph;D3.Viz.SimpleForceGraph;Data.Maybe;Data.Nullable;Effect;Effect.Aff.Class;Effect.Class;Effect.Ref;Halogen;Halogen.HTML;Halogen.HTML.Properties;Hylograph.AST;Hylograph.Expr.Friendly;Hylograph.ForceEngine.Links;Hylograph.ForceEngine.Simulation;Hylograph.ForceEngine.Types;Hylograph.Internal.Behavior.FFI;Hylograph.Internal.Behavior.Types;Hylograph.Internal.Capabilities.Selection;Hylograph.Internal.Selection.Types;Hylograph.Interpreter.D3;Prelude;Web.DOM.Element"
ForceConfigV2Test,23,"Component.SimpleForceGraph;D3.Viz.SimpleForceGraph;Data.Maybe;Data.Nullable;Effect;Effect.Aff.Class;Effect.Class;Effect.Ref;Halogen;Halogen.HTML;Halogen.HTML.Properties;Hylograph.AST;Hylograph.Expr.Friendly;Hylograph.ForceEngine.Links;Hylograph.ForceEngine.Simulation;Hylograph.ForceEngine.Types;Hylograph.Internal.Behavior.FFI;Hylograph.Internal.Behavior.Types;Hylograph.Internal.Capabilities.Selection;Hylograph.Internal.Selection.Types;Hylograph.Interpreter.D3;Prelude;Web.DOM.Element"
ForcePlayground,49,"Component.ForcePlayground;Control.Alt;D3.Viz.ForcePlayground.Generator;D3.Viz.ForcePlayground.Model;D3.Viz.ForcePlayground.Simple;Data.Array;Data.Array.NonEmpty;Data.Foldable;Data.Int;Data.Map;Data.Maybe;Data.Nullable;Data.Number;Data.Set;Data.Tuple;Effect;Effect.Aff.Class;Effect.Class;Effect.Console;Effect.Random;Foreign.Object;Halogen;Halogen.HTML;Halogen.HTML.Events;Halogen.HTML.Properties;Halogen.Svg.Attributes;Halogen.Svg.Attributes.Path;Halogen.Svg.Elements;Hylograph.AST;Hylograph.Expr.Friendly;Hylograph.ForceEngine.Halogen;Hylograph.ForceEngine.Setup;Hylograph.ForceEngine.Simulation;Hylograph.HATS;Hylograph.HATS.Friendly;Hylograph.HATS.InterpreterTick;Hylograph.Internal.Behavior.FFI;Hylograph.Internal.Behavior.Types;Hylograph.Internal.Selection.Types;Hylograph.Kernel.D3.Links;Hylograph.RoutingDSL;Hylograph.Shared.SiteNav;Hylograph.Simulation;Hylograph.Simulation.Core.Tick;Hylograph.Simulation.Emitter;Hylograph.Transform;Hylograph.Website.Types;Prelude;Routing.Match"
ForcePlaygroundWASM,42,"Component.ForcePlaygroundWASM;Control.Alt;D3.Viz.ForcePlayground.Generator;D3.Viz.ForcePlayground.Model;D3.Viz.ForcePlayground.SimpleWASM;Data.Array;Data.Foldable;Data.Map;Data.Maybe;Data.Nullable;Data.Number;Data.Set;Data.Tuple;Effect;Effect.Aff.Class;Effect.Class;Effect.Console;Effect.Random;Effect.Ref;Halogen;Halogen.HTML;Halogen.HTML.Events;Halogen.HTML.Properties;Hylograph.AST;Hylograph.Canvas;Hylograph.Canvas.Zoom;Hylograph.Expr.Friendly;Hylograph.Internal.Behavior.Types;Hylograph.Internal.Capabilities.Selection;Hylograph.Internal.Selection.Types;Hylograph.Interpreter.D3;Hylograph.Kernel.WASM.Engine;Hylograph.Kernel.WASM.Events;Hylograph.Kernel.WASM.Halogen;Hylograph.Kernel.WASM.Simulation;Hylograph.RoutingDSL;Hylograph.Shared.SiteNav;Hylograph.Simulation.Core.Tick;Hylograph.Transform;Hylograph.Website.Types;Prelude;Routing.Match"
GUPAnimatedTest,1,ARCHIVED
GUPDebug,47,"Affjax.ResponseFormat;Affjax.Web;Component.GUPDebug;D3.Viz.LesMisV3.GUPDemo;D3.Viz.LesMisV3.Model;Data.Argonaut.Core;Data.Array;Data.Either;Data.Map;Data.Maybe;Data.Nullable;Data.Number;Data.Set;Data.Tuple;Effect;Effect.Aff;Effect.Aff.Class;Effect.Class;Effect.Class.Console;Effect.Random;Foreign;Halogen;Halogen.HTML;Halogen.HTML.Events;Halogen.HTML.Properties;Hylograph.AST;Hylograph.Expr.Datum;Hylograph.Expr.Expr;Hylograph.Expr.Friendly;Hylograph.Expr.Interpreter.Eval;Hylograph.Expr.Sugar;Hylograph.ForceEngine.Halogen;Hylograph.Internal.Behavior.FFI;Hylograph.Internal.Behavior.Types;Hylograph.Internal.Capabilities.Selection;Hylograph.Internal.Selection.Types;Hylograph.Interpreter.D3;Hylograph.Kernel.D3.Events;Hylograph.Kernel.D3.Links;Hylograph.Kernel.D3.Setup;Hylograph.Kernel.D3.Simulation;Hylograph.Kernel.D3.Types;Hylograph.Shared.DataLoader;Hylograph.Simulation.Core.Tick;Prelude;Type.Proxy;Unsafe.Coerce"
GeneralUpdatePattern,30,"Component.GeneralUpdatePattern;Control.Monad.Rec.Class;D3.Viz.TreeAPI.V3GUPDemoFriendly;Data.Array;Data.Int;Data.Maybe;Data.String.CodeUnits;Data.Time.Duration;Data.Traversable;Effect;Effect.Aff;Effect.Aff.Class;Effect.Class;Effect.Class.Console;Effect.Console;Effect.Exception;Effect.Random;Halogen;Halogen.HTML;Halogen.HTML.Events;Halogen.HTML.Properties;Hylograph.AST;Hylograph.Expr.Friendly;Hylograph.Expr.Interpreter.CodeGen;Hylograph.Internal.Capabilities.Selection;Hylograph.Internal.Selection.Types;Hylograph.Internal.Transition.Types;Hylograph.Interpreter.D3;Prelude;Web.DOM.Element"
GettingStarted,18,"Control.Alt;Data.Maybe;Effect;Effect.Aff;Halogen;Halogen.HTML;Halogen.HTML.Properties;Hylograph.Attribute;Hylograph.Interpreter.D3;Hylograph.RoutingDSL;Hylograph.Shared.Footer;Hylograph.Shared.SiteNav;Hylograph.Tree;Hylograph.Tutorial.GettingStarted;Hylograph.Website.Types;Prelude;Routing.Match;Type.Proxy"
HATSTransitionTest,20,"Component.HATSTransitionTest;D3.Viz.TreeAPI.HATSTransitionDemo;Data.Array;Data.Int;Data.Maybe;Data.Time.Duration;Effect;Effect.Aff.Class;Effect.Class;Effect.Console;Halogen;Halogen.HTML;Halogen.HTML.Events;Halogen.HTML.Properties;Hylograph.HATS;Hylograph.HATS.Friendly;Hylograph.HATS.InterpreterTick;Hylograph.Internal.Selection.Types;Hylograph.Internal.Transition.Types;Prelude"
Home,36,"Affjax.ResponseFormat;Affjax.Web;Component.Hero.ConceptGraph;Control.Alt;Data.Array;Data.Either;Data.Int;Data.Map;Data.Maybe;Data.Nullable;Data.Number;Data.String;Data.String.Pattern;Data.Tuple;Effect.Aff;Effect.Aff.Class;Effect.Class;Effect.Console;Halogen;Halogen.HTML;Halogen.HTML.Core;Halogen.HTML.Events;Halogen.HTML.Properties;Halogen.Subscription;Halogen.Svg.Attributes;Halogen.Svg.Elements;Hylograph.ForceEngine;Hylograph.ForceEngine.Simulation;Hylograph.Home;Hylograph.RoutingDSL;Hylograph.Shared.Footer;Hylograph.Website.Types;Prelude;Routing.Match;Type.Proxy;Web.UIEvent.MouseEvent"
HowtoAxesScales,20,"Component.HowTo.HowtoAxesScales;Control.Alt;D3.Viz.FPFTW.ScalesDemo;Data.Array;Data.Int;Data.Maybe;Effect;Effect.Aff;Effect.Aff.Class;Effect.Class;Halogen;Halogen.HTML;Halogen.HTML.Properties;Hylograph.RoutingDSL;Hylograph.Scale;Hylograph.Scale.FP;Hylograph.Shared.SiteNav;Hylograph.Website.Types;Prelude;Routing.Match"
HowtoDebugging,13,"Component.HowTo.HowtoDebugging;Control.Alt;Data.Maybe;Effect.Aff.Class;Effect.Unsafe;Halogen;Halogen.HTML;Halogen.HTML.Properties;Hylograph.RoutingDSL;Hylograph.Shared.SiteNav;Hylograph.Website.Types;Prelude;Routing.Match"
HowtoEvents,12,"Component.HowTo.HowtoEvents;Control.Alt;Data.Maybe;Effect.Aff.Class;Halogen;Halogen.HTML;Halogen.HTML.Properties;Hylograph.RoutingDSL;Hylograph.Shared.SiteNav;Hylograph.Website.Types;Prelude;Routing.Match"
HowtoForceGraphs,12,"Component.HowTo.HowtoForceGraphs;Control.Alt;Data.Maybe;Effect.Aff.Class;Halogen;Halogen.HTML;Halogen.HTML.Properties;Hylograph.RoutingDSL;Hylograph.Shared.SiteNav;Hylograph.Website.Types;Prelude;Routing.Match"
HowtoHierarchical,12,"Component.HowTo.HowtoHierarchical;Control.Alt;Data.Maybe;Effect.Aff.Class;Halogen;Halogen.HTML;Halogen.HTML.Properties;Hylograph.RoutingDSL;Hylograph.Shared.SiteNav;Hylograph.Website.Types;Prelude;Routing.Match"
HowtoIndex,12,"Control.Alt;Data.Maybe;Effect.Aff;Halogen;Halogen.HTML;Halogen.HTML.Properties;Hylograph.HowTo.HowtoIndex;Hylograph.RoutingDSL;Hylograph.Shared.SiteNav;Hylograph.Website.Types;Prelude;Routing.Match"
HowtoLoadingData,13,"Component.HowTo.HowtoLoadingData;Control.Alt;Data.Maybe;Effect.Aff.Class;Foreign;Halogen;Halogen.HTML;Halogen.HTML.Properties;Hylograph.RoutingDSL;Hylograph.Shared.SiteNav;Hylograph.Website.Types;Prelude;Routing.Match"
HowtoPerformance,12,"Component.HowTo.HowtoPerformance;Control.Alt;Data.Maybe;Effect.Aff.Class;Halogen;Halogen.HTML;Halogen.HTML.Properties;Hylograph.RoutingDSL;Hylograph.Shared.SiteNav;Hylograph.Website.Types;Prelude;Routing.Match"
HowtoTooltips,12,"Component.HowTo.HowtoTooltips;Control.Alt;Data.Maybe;Effect.Aff.Class;Halogen;Halogen.HTML;Halogen.HTML.Properties;Hylograph.RoutingDSL;Hylograph.Shared.SiteNav;Hylograph.Website.Types;Prelude;Routing.Match"
HowtoTransitions,14,"Component.HowTo.HowtoTransitions;Control.Alt;Data.Maybe;Effect.Aff.Class;Halogen;Halogen.HTML;Halogen.HTML.Properties;Hylograph.Internal.Capabilities.Transition;Hylograph.Internal.Transition.Types;Hylograph.RoutingDSL;Hylograph.Shared.SiteNav;Hylograph.Website.Types;Prelude;Routing.Match"
HowtoTreeAPI,12,"Component.HowTo.HowtoTreeAPI;Control.Alt;Data.Maybe;Effect.Aff.Class;Halogen;Halogen.HTML;Halogen.HTML.Properties;Hylograph.RoutingDSL;Hylograph.Shared.SiteNav;Hylograph.Website.Types;Prelude;Routing.Match"
HowtoTreeExplorer,49,"Affjax.ResponseFormat;Affjax.Web;Component.HowTo.HowtoTreeExplorer;Control.Alt;Control.Comonad.Cofree;Data.Array;Data.Either;Data.Enum;Data.Foldable;Data.Int;Data.List;Data.Map;Data.Maybe;Data.Nullable;Data.Number;Data.String;Data.String.CodePoints;Data.String.CodeUnits;Data.Tree;Data.Tuple;DataViz.Layout.Hierarchy.Link;DataViz.Layout.Hierarchy.Tree;Effect;Effect.Aff;Effect.Aff.Class;Effect.Class;Effect.Class.Console;Effect.Console;Halogen;Halogen.HTML;Halogen.HTML.Events;Halogen.HTML.Properties;Hylograph.AST;Hylograph.Expr.Expr;Hylograph.Expr.Integration;Hylograph.Internal.Capabilities.Selection;Hylograph.Internal.Selection.Types;Hylograph.Interpreter.D3;Hylograph.RoutingDSL;Hylograph.Shared.Data;Hylograph.Shared.SiteNav;Hylograph.Website.Types;Prelude;Routing.Match;Web.DOM.Element;Web.DOM.ParentNode;Web.HTML;Web.HTML.HTMLDocument;Web.HTML.Window"
Just,1,unknown
LesMisGUP,36,"Affjax.ResponseFormat;Affjax.Web;Component.Hero.ConceptGraph;Control.Alt;Data.Array;Data.Either;Data.Int;Data.Map;Data.Maybe;Data.Nullable;Data.Number;Data.String;Data.String.Pattern;Data.Tuple;Effect.Aff;Effect.Aff.Class;Effect.Class;Effect.Console;Halogen;Halogen.HTML;Halogen.HTML.Core;Halogen.HTML.Events;Halogen.HTML.Properties;Halogen.Subscription;Halogen.Svg.Attributes;Halogen.Svg.Elements;Hylograph.ForceEngine;Hylograph.ForceEngine.Simulation;Hylograph.Home;Hylograph.RoutingDSL;Hylograph.Shared.Footer;Hylograph.Website.Types;Prelude;Routing.Match;Type.Proxy;Web.UIEvent.MouseEvent"
LesMisGUPClean,36,"Affjax.ResponseFormat;Affjax.Web;Component.Hero.ConceptGraph;Control.Alt;Data.Array;Data.Either;Data.Int;Data.Map;Data.Maybe;Data.Nullable;Data.Number;Data.String;Data.String.Pattern;Data.Tuple;Effect.Aff;Effect.Aff.Class;Effect.Class;Effect.Console;Halogen;Halogen.HTML;Halogen.HTML.Core;Halogen.HTML.Events;Halogen.HTML.Properties;Halogen.Subscription;Halogen.Svg.Attributes;Halogen.Svg.Elements;Hylograph.ForceEngine;Hylograph.ForceEngine.Simulation;Hylograph.Home;Hylograph.RoutingDSL;Hylograph.Shared.Footer;Hylograph.Website.Types;Prelude;Routing.Match;Type.Proxy;Web.UIEvent.MouseEvent"
LesMisGUPSimple,36,"Affjax.ResponseFormat;Affjax.Web;Component.Hero.ConceptGraph;Control.Alt;Data.Array;Data.Either;Data.Int;Data.Map;Data.Maybe;Data.Nullable;Data.Number;Data.String;Data.String.Pattern;Data.Tuple;Effect.Aff;Effect.Aff.Class;Effect.Class;Effect.Console;Halogen;Halogen.HTML;Halogen.HTML.Core;Halogen.HTML.Events;Halogen.HTML.Properties;Halogen.Subscription;Halogen.Svg.Attributes;Halogen.Svg.Elements;Hylograph.ForceEngine;Hylograph.ForceEngine.Simulation;Hylograph.Home;Hylograph.RoutingDSL;Hylograph.Shared.Footer;Hylograph.Website.Types;Prelude;Routing.Match;Type.Proxy;Web.UIEvent.MouseEvent"
LesMisGUPTree,36,"Affjax.ResponseFormat;Affjax.Web;Component.Hero.ConceptGraph;Control.Alt;Data.Array;Data.Either;Data.Int;Data.Map;Data.Maybe;Data.Nullable;Data.Number;Data.String;Data.String.Pattern;Data.Tuple;Effect.Aff;Effect.Aff.Class;Effect.Class;Effect.Console;Halogen;Halogen.HTML;Halogen.HTML.Core;Halogen.HTML.Events;Halogen.HTML.Properties;Halogen.Subscription;Halogen.Svg.Attributes;Halogen.Svg.Elements;Hylograph.ForceEngine;Hylograph.ForceEngine.Simulation;Hylograph.Home;Hylograph.RoutingDSL;Hylograph.Shared.Footer;Hylograph.Website.Types;Prelude;Routing.Match;Type.Proxy;Web.UIEvent.MouseEvent"
LesMisGUPTreeAPI,36,"Affjax.ResponseFormat;Affjax.Web;Component.Hero.ConceptGraph;Control.Alt;Data.Array;Data.Either;Data.Int;Data.Map;Data.Maybe;Data.Nullable;Data.Number;Data.String;Data.String.Pattern;Data.Tuple;Effect.Aff;Effect.Aff.Class;Effect.Class;Effect.Console;Halogen;Halogen.HTML;Halogen.HTML.Core;Halogen.HTML.Events;Halogen.HTML.Properties;Halogen.Subscription;Halogen.Svg.Attributes;Halogen.Svg.Elements;Hylograph.ForceEngine;Hylograph.ForceEngine.Simulation;Hylograph.Home;Hylograph.RoutingDSL;Hylograph.Shared.Footer;Hylograph.Website.Types;Prelude;Routing.Match;Type.Proxy;Web.UIEvent.MouseEvent"
LesMisQueryDemo,36,"Affjax.ResponseFormat;Affjax.Web;Component.Hero.ConceptGraph;Control.Alt;Data.Array;Data.Either;Data.Int;Data.Map;Data.Maybe;Data.Nullable;Data.Number;Data.String;Data.String.Pattern;Data.Tuple;Effect.Aff;Effect.Aff.Class;Effect.Class;Effect.Console;Halogen;Halogen.HTML;Halogen.HTML.Core;Halogen.HTML.Events;Halogen.HTML.Properties;Halogen.Subscription;Halogen.Svg.Attributes;Halogen.Svg.Elements;Hylograph.ForceEngine;Hylograph.ForceEngine.Simulation;Hylograph.Home;Hylograph.RoutingDSL;Hylograph.Shared.Footer;Hylograph.Website.Types;Prelude;Routing.Match;Type.Proxy;Web.UIEvent.MouseEvent"
MermaidTreeDemo,16,"Component.MermaidTreeDemo;Data.Int;Data.Maybe;Effect;Effect.Aff.Class;Effect.Class;Halogen;Halogen.HTML;Halogen.HTML.Events;Halogen.HTML.Properties;Hylograph.AST;Hylograph.Expr.Expr;Hylograph.Expr.Integration;Hylograph.Internal.Selection.Types;Hylograph.Interpreter.Mermaid;Prelude"
ModuleGraph,36,"Affjax.ResponseFormat;Affjax.Web;Component.Hero.ConceptGraph;Control.Alt;Data.Array;Data.Either;Data.Int;Data.Map;Data.Maybe;Data.Nullable;Data.Number;Data.String;Data.String.Pattern;Data.Tuple;Effect.Aff;Effect.Aff.Class;Effect.Class;Effect.Console;Halogen;Halogen.HTML;Halogen.HTML.Core;Halogen.HTML.Events;Halogen.HTML.Properties;Halogen.Subscription;Halogen.Svg.Attributes;Halogen.Svg.Elements;Hylograph.ForceEngine;Hylograph.ForceEngine.Simulation;Hylograph.Home;Hylograph.RoutingDSL;Hylograph.Shared.Footer;Hylograph.Website.Types;Prelude;Routing.Match;Type.Proxy;Web.UIEvent.MouseEvent"
NotFound,1,unknown
PieDonutDemo,20,"Component.PieDonutDemo;D3.Viz.PieDonutDemo;Data.Maybe;Data.Number;Effect;Effect.Aff.Class;Effect.Class;Halogen;Halogen.HTML;Halogen.HTML.Properties;Hylograph.AST;Hylograph.Expr.Friendly;Hylograph.Internal.Capabilities.Selection;Hylograph.Internal.Selection.Types;Hylograph.Interpreter.D3;Hylograph.Shape.Arc;Hylograph.Shape.Pie;Hylograph.Transform;Prelude;Web.DOM.Element"
Reference,12,"Control.Alt;Data.Maybe;Effect.Aff;Halogen;Halogen.HTML;Halogen.HTML.Properties;Hylograph.Reference.Reference;Hylograph.RoutingDSL;Hylograph.Shared.SiteNav;Hylograph.Website.Types;Prelude;Routing.Match"
ReferenceModule,12,"Control.Alt;Data.Maybe;Effect.Aff;Halogen;Halogen.HTML;Halogen.HTML.Properties;Hylograph.Reference.Reference;Hylograph.RoutingDSL;Hylograph.Shared.SiteNav;Hylograph.Website.Types;Prelude;Routing.Match"
SPLOM,48,"Affjax.ResponseFormat;Affjax.Web;Component.SPLOM;Control.Alt;D3.Viz.SPLOM.Data;D3.Viz.SPLOM.SPLOM;D3.Viz.SPLOM.Types;Data.Argonaut.Core;Data.Array;Data.Either;Data.Foldable;Data.Int;Data.Maybe;Data.Number;Data.String;Data.String.CodeUnits;Data.Traversable;Effect;Effect.Aff;Effect.Aff.Class;Effect.Class;Effect.Console;Foreign;Halogen;Halogen.HTML;Halogen.HTML.Events;Halogen.HTML.Properties;Halogen.Subscription;Hylograph.AST;Hylograph.Brush;Hylograph.Expr.Expr;Hylograph.Expr.Integration;Hylograph.Internal.Attribute;Hylograph.Internal.Capabilities.Selection;Hylograph.Internal.Selection.Types;Hylograph.Interpreter.D3;Hylograph.RoutingDSL;Hylograph.Scale;Hylograph.Shared.DataLoader;Hylograph.Shared.SiteNav;Hylograph.Website.Types;Prelude;Routing.Match;Unsafe.Coerce;Web.DOM.ParentNode;Web.HTML;Web.HTML.HTMLDocument;Web.HTML.Window"
SPLOMHATS,39,"Affjax.ResponseFormat;Affjax.Web;Component.SPLOMHATS;Control.Alt;D3.Viz.SPLOM.Data;D3.Viz.SPLOM.SPLOMHATS;D3.Viz.SPLOM.Types;Data.Argonaut.Core;Data.Array;Data.Either;Data.Foldable;Data.Int;Data.Maybe;Data.Number;Data.String;Data.String.CodeUnits;Data.Tuple;Effect;Effect.Aff;Effect.Aff.Class;Effect.Class;Effect.Console;Foreign;Halogen;Halogen.HTML;Halogen.HTML.Events;Halogen.HTML.Properties;Hylograph.HATS;Hylograph.HATS.InterpreterTick;Hylograph.Interaction.Coordinated;Hylograph.Internal.Selection.Types;Hylograph.RoutingDSL;Hylograph.Scale;Hylograph.Shared.DataLoader;Hylograph.Shared.SiteNav;Hylograph.Website.Types;Prelude;Routing.Match;Unsafe.Coerce"
SankeyDebug,24,"Affjax.ResponseFormat;Affjax.Web;Component.SankeyDebug;Component.SankeyDebug.FFI;Data.Array;Data.Either;Data.Int;Data.Maybe;Data.String;Data.String.Pattern;DataViz.Layout.Sankey.CSV;DataViz.Layout.Sankey.ComputeWithSteps;DataViz.Layout.Sankey.Types;Effect.Aff.Class;Effect.Class;Effect.Console;Halogen;Halogen.HTML;Halogen.HTML.Core;Halogen.HTML.Events;Halogen.HTML.Properties;Halogen.Svg.Attributes;Halogen.Svg.Elements;Prelude"
Showcase,12,"Component.Showcase.ShowcaseIndex;Control.Alt;Data.Maybe;Effect.Aff;Halogen;Halogen.HTML;Halogen.HTML.Properties;Hylograph.RoutingDSL;Hylograph.Shared.SiteNav;Hylograph.Website.Types;Prelude;Routing.Match"
ShowcaseLuaEdge,12,"Component.Showcase.ShowcaseLuaEdge;Control.Alt;Data.Maybe;Effect.Aff;Halogen;Halogen.HTML;Halogen.HTML.Properties;Hylograph.RoutingDSL;Hylograph.Shared.SiteNav;Hylograph.Website.Types;Prelude;Routing.Match"
SimpleChimera,16,"Component.SimpleChimera;D3.Viz.SimpleChimera;Data.Maybe;Effect;Effect.Aff.Class;Effect.Class;Halogen;Halogen.HTML;Halogen.HTML.Properties;Hylograph.AST;Hylograph.Expr.Friendly;Hylograph.Internal.Capabilities.Selection;Hylograph.Internal.Selection.Types;Hylograph.Interpreter.D3;Prelude;Web.DOM.Element"
SimpleForceGraph,23,"Component.SimpleForceGraph;D3.Viz.SimpleForceGraph;Data.Maybe;Data.Nullable;Effect;Effect.Aff.Class;Effect.Class;Effect.Ref;Halogen;Halogen.HTML;Halogen.HTML.Properties;Hylograph.AST;Hylograph.Expr.Friendly;Hylograph.ForceEngine.Links;Hylograph.ForceEngine.Simulation;Hylograph.ForceEngine.Types;Hylograph.Internal.Behavior.FFI;Hylograph.Internal.Behavior.Types;Hylograph.Internal.Capabilities.Selection;Hylograph.Internal.Selection.Types;Hylograph.Interpreter.D3;Prelude;Web.DOM.Element"
SimpleTreeBuilder,49,"Color;Control.Alt;Control.Comonad.Cofree;Data.Array;Data.Either;Data.Enum;Data.Foldable;Data.Int;Data.List;Data.Map;Data.Maybe;Data.String;Data.String.CodeUnits;Data.Tree;Data.Tuple;DataViz.Layout.Hierarchy.Link;DataViz.Layout.Hierarchy.Tree;Effect;Effect.Aff.Class;Effect.Class;EmmetParser.Converter;EmmetParser.Parser;EmmetParser.Types;EmmetParser.Validator;Halogen;Halogen.HTML;Halogen.HTML.Events;Halogen.HTML.Properties;Hylograph.AST;Hylograph.Expr.Friendly;Hylograph.Internal.Capabilities.Selection;Hylograph.Internal.Selection.Types;Hylograph.Interpreter.D3;Hylograph.RoutingDSL;Hylograph.Shared.SiteNav;Hylograph.SimpleTreeBuilder;Hylograph.Transform;Hylograph.Website.Types;Parsing;Parsing.Combinators;Parsing.String;Parsing.String.Basic;Prelude;Routing.Match;TreeBuilder3.Theme;TreeBuilder3.TreeOps;TreeBuilder3.TypePropagation;TreeBuilder3.Types;Web.DOM.Element"
Simpsons,67,"Content.Simpsons.Illustration;Content.Simpsons.MoreInfo;Content.Simpsons.ProperPooling;Control.Alt;D3.Viz.Simpsons.App;D3.Viz.Simpsons.DataTable;D3.Viz.Simpsons.Dataset;D3.Viz.Simpsons.Datasets;D3.Viz.Simpsons.DonutChart;D3.Viz.Simpsons.ForceDirected;D3.Viz.Simpsons.ForceViz;D3.Viz.Simpsons.InteractiveParadoxCard;D3.Viz.Simpsons.LineChart;D3.Viz.Simpsons.Pie;D3.Viz.Simpsons.ScatterChart;D3.Viz.Simpsons.Standalone;D3.Viz.Simpsons.Types;Data.Array;Data.Int;Data.Map;Data.Maybe;Data.Nullable;Data.Number;Data.Number.Format;Data.Traversable;Effect;Effect.Aff;Effect.Aff.Class;Effect.Class;Effect.Random;Effect.Ref;Effect.Unsafe;Halogen;Halogen.HTML;Halogen.HTML.Core;Halogen.HTML.Events;Halogen.HTML.Properties;Halogen.Svg.Attributes;Halogen.Svg.Elements;Hylograph.AST;Hylograph.Axis.Axis;Hylograph.Expr.Expr;Hylograph.Expr.Friendly;Hylograph.Expr.Integration;Hylograph.ForceEngine.Core;Hylograph.ForceEngine.Simulation;Hylograph.ForceEngine.Types;Hylograph.Internal.Attribute;Hylograph.Internal.Capabilities.Selection;Hylograph.Internal.FFI;Hylograph.Internal.Selection.Types;Hylograph.Internal.Types;Hylograph.Interpreter.D3;Hylograph.RoutingDSL;Hylograph.Shared.SiteNav;Hylograph.Website.Types;Prelude;Routing.Match;Type.Proxy;Unsafe.Coerce;Web.DOM.Document;Web.DOM.Element;Web.DOM.Node;Web.DOM.ParentNode;Web.HTML;Web.HTML.HTMLDocument;Web.HTML.Window"
SimpsonsV2,64,"Control.Alt;D3.Viz.Simpsons.Components;D3.Viz.Simpsons.DataTable;D3.Viz.Simpsons.Dataset;D3.Viz.Simpsons.Datasets;D3.Viz.Simpsons.DonutChart;D3.Viz.Simpsons.ForceDirected;D3.Viz.Simpsons.ForceViz;D3.Viz.Simpsons.InteractiveParadoxCard;D3.Viz.Simpsons.LineChart;D3.Viz.Simpsons.Pie;D3.Viz.Simpsons.ScatterChart;D3.Viz.Simpsons.Types;Data.Array;Data.Foldable;Data.Int;Data.Map;Data.Maybe;Data.Nullable;Data.Number;Data.Number.Format;Data.Traversable;Effect;Effect.Aff;Effect.Aff.Class;Effect.Class;Effect.Random;Effect.Ref;Halogen;Halogen.HTML;Halogen.HTML.Core;Halogen.HTML.Events;Halogen.HTML.Properties;Halogen.Svg.Attributes;Halogen.Svg.Elements;Hylograph.AST;Hylograph.Axis.Axis;Hylograph.Expr.Expr;Hylograph.Expr.Friendly;Hylograph.Expr.Integration;Hylograph.ForceEngine.Core;Hylograph.ForceEngine.Simulation;Hylograph.ForceEngine.Types;Hylograph.Internal.Attribute;Hylograph.Internal.Capabilities.Selection;Hylograph.Internal.FFI;Hylograph.Internal.Selection.Types;Hylograph.Internal.Types;Hylograph.Interpreter.D3;Hylograph.RoutingDSL;Hylograph.Shared.SiteNav;Hylograph.Website.Types;Page.Simpsons;Prelude;Routing.Match;Type.Proxy;Unsafe.Coerce;Web.DOM.Document;Web.DOM.Element;Web.DOM.Node;Web.DOM.ParentNode;Web.HTML;Web.HTML.HTMLDocument;Web.HTML.Window"
TourFPFTW,32,"Component.Tour.TourFPFTW;Control.Alt;D3.Viz.FPFTW.AnscombeQuartet;D3.Viz.FPFTW.SetOperations;Data.Array;Data.Int;Data.Maybe;Data.Number;Data.Set;Data.String;Effect;Effect.Aff;Effect.Aff.Class;Effect.Class;Halogen;Halogen.HTML;Halogen.HTML.Properties;Hylograph.AST;Hylograph.Expr.Friendly;Hylograph.HATS;Hylograph.HATS.Friendly;Hylograph.HATS.InterpreterTick;Hylograph.Internal.Capabilities.Selection;Hylograph.Internal.Selection.Types;Hylograph.Interpreter.D3;Hylograph.RoutingDSL;Hylograph.Shared.SiteNav;Hylograph.Shared.TourNav;Hylograph.Website.Types;Prelude;Routing.Match;Web.DOM.Element"
TourFlow,59,"Affjax.ResponseFormat;Affjax.Web;Component.Tour.TourFlow;Control.Alt;D3.Viz.TreeAPI.ChordDiagram;D3.Viz.TreeAPI.SankeyDiagram;D3.Viz.TreeAPI.StateMachineDiagram;Data.Argonaut.Core;Data.Array;Data.Either;Data.Foldable;Data.List;Data.Map;Data.Maybe;Data.Nullable;Data.Number;Data.Number.Format;Data.String;Data.String.CodeUnits;Data.String.Pattern;Data.Tree;Data.Tuple;DataViz.Layout.Chord;DataViz.Layout.Sankey.CSV;DataViz.Layout.Sankey.Compute;DataViz.Layout.Sankey.Path;DataViz.Layout.Sankey.Types;DataViz.Layout.StateMachine;Effect;Effect.Aff;Effect.Aff.Class;Effect.Class;Effect.Class.Console;Effect.Console;Foreign;Halogen;Halogen.HTML;Halogen.HTML.Properties;Hylograph.AST;Hylograph.Expr.Datum;Hylograph.Expr.Expr;Hylograph.Expr.Friendly;Hylograph.Expr.Integration;Hylograph.Expr.Interpreter.Eval;Hylograph.Expr.Sugar;Hylograph.Internal.Capabilities.Selection;Hylograph.Internal.Selection.Types;Hylograph.Interpreter.D3;Hylograph.RoutingDSL;Hylograph.Shared.Data;Hylograph.Shared.DataLoader;Hylograph.Shared.SiteNav;Hylograph.Shared.TourNav;Hylograph.Website.Types;Prelude;Routing.Match;Type.Proxy;Unsafe.Coerce;Web.DOM.Element"
TourFoundations,30,"Component.Tour.TourFoundations;Control.Alt;D3.Viz.TreeAPI.AnscombesQuartet;D3.Viz.TreeAPI.ParabolaNoAxes;D3.Viz.TreeAPI.ParabolaWithAxes;D3.Viz.TreeAPI.ThreeLittleCirclesColored;D3.Viz.TreeAPI.ThreeLittleCirclesGreen;Data.Array;Data.Foldable;Data.Int;Data.Map;Data.Maybe;Data.Number;Effect;Effect.Aff.Class;Effect.Class;Effect.Console;Halogen;Halogen.HTML;Halogen.HTML.Properties;Hylograph.HATS;Hylograph.HATS.Friendly;Hylograph.HATS.InterpreterTick;Hylograph.Internal.Selection.Types;Hylograph.RoutingDSL;Hylograph.Shared.SiteNav;Hylograph.Shared.TourNav;Hylograph.Website.Types;Prelude;Routing.Match"
TourGraphAlgorithms,44,"Component.Tour.TourGraphAlgorithms;Control.Alt;D3.Viz.FPFTW.DAGTreeExample;D3.Viz.FPFTW.KoenigsbergBridges;D3.Viz.FPFTW.TopologicalSort;D3.Viz.FPFTW.TransitiveReduction;Data.Array;Data.Foldable;Data.Graph.Algorithms;Data.Graph.Layout;Data.Int;Data.List;Data.Map;Data.Maybe;Data.Nullable;Data.Set;Data.Tree;Data.Tuple;Effect;Effect.Aff;Effect.Aff.Class;Effect.Class;Effect.Ref;Halogen;Halogen.HTML;Halogen.HTML.Properties;Hylograph.AST;Hylograph.Data.DAGTree;Hylograph.Expr.Expr;Hylograph.Expr.Friendly;Hylograph.Expr.Integration;Hylograph.ForceEngine.Links;Hylograph.ForceEngine.Simulation;Hylograph.ForceEngine.Types;Hylograph.Internal.Capabilities.Selection;Hylograph.Internal.Selection.Types;Hylograph.Interpreter.D3;Hylograph.RoutingDSL;Hylograph.Shared.SiteNav;Hylograph.Shared.TourNav;Hylograph.Website.Types;Prelude;Routing.Match;Web.DOM.Element"
TourHierarchies,60,"Affjax.ResponseFormat;Affjax.Web;Component.Tour.TourHierarchies;Control.Alt;Control.Comonad.Cofree;D3.Viz.TreeAPI.ClusterViz;D3.Viz.TreeAPI.EdgeBundleViz;D3.Viz.TreeAPI.HorizontalTreeViz;D3.Viz.TreeAPI.PackViz;D3.Viz.TreeAPI.PartitionViz;D3.Viz.TreeAPI.RadialTreeViz;D3.Viz.TreeAPI.SunburstViz;D3.Viz.TreeAPI.TreeVizHATS;D3.Viz.TreeAPI.TreemapViz;Data.Array;Data.Either;Data.Foldable;Data.List;Data.Map;Data.Maybe;Data.Nullable;Data.Number;Data.String;Data.String.CodeUnits;Data.Tree;Data.Tuple;DataViz.Layout.Hierarchy.Cluster;DataViz.Layout.Hierarchy.Core;DataViz.Layout.Hierarchy.EdgeBundle;DataViz.Layout.Hierarchy.Link;DataViz.Layout.Hierarchy.Pack;DataViz.Layout.Hierarchy.Partition;DataViz.Layout.Hierarchy.Tree;DataViz.Layout.Hierarchy.Treemap;DataViz.Layout.Hierarchy.Types;Effect;Effect.Aff;Effect.Aff.Class;Effect.Class;Effect.Class.Console;Effect.Console;Halogen;Halogen.HTML;Halogen.HTML.Properties;Hylograph.AST;Hylograph.Expr.Friendly;Hylograph.HATS;Hylograph.HATS.Friendly;Hylograph.HATS.InterpreterTick;Hylograph.Internal.Capabilities.Selection;Hylograph.Internal.Selection.Types;Hylograph.Interpreter.D3;Hylograph.RoutingDSL;Hylograph.Shared.Data;Hylograph.Shared.SiteNav;Hylograph.Shared.TourNav;Hylograph.Website.Types;Prelude;Routing.Match;Web.DOM.Element"
TourIndex,12,"Component.Tour.TourIndex;Control.Alt;Data.Maybe;Effect.Aff;Halogen;Halogen.HTML;Halogen.HTML.Properties;Hylograph.RoutingDSL;Hylograph.Shared.SiteNav;Hylograph.Website.Types;Prelude;Routing.Match"
TourInterpreters,31,"Component.Tour.TourInterpreters;Control.Alt;D3.Viz.TreeAPI.InterpreterDemo;Data.Array;Data.Int;Data.Maybe;Effect;Effect.Aff;Effect.Aff.Class;Effect.Class;Halogen;Halogen.HTML;Halogen.HTML.Events;Halogen.HTML.Properties;Hylograph.AST;Hylograph.Expr.Expr;Hylograph.Expr.Integration;Hylograph.Internal.Capabilities.Selection;Hylograph.Internal.Selection.Types;Hylograph.Interpreter.D3;Hylograph.Interpreter.English;Hylograph.Interpreter.Mermaid;Hylograph.Interpreter.MetaAST;Hylograph.RoutingDSL;Hylograph.Shared.Mermaid;Hylograph.Shared.SiteNav;Hylograph.Shared.TourNav;Hylograph.Website.Types;Prelude;Routing.Match;Web.DOM.Element"
TourLesMisGUP,36,"Affjax.ResponseFormat;Affjax.Web;Component.Hero.ConceptGraph;Control.Alt;Data.Array;Data.Either;Data.Int;Data.Map;Data.Maybe;Data.Nullable;Data.Number;Data.String;Data.String.Pattern;Data.Tuple;Effect.Aff;Effect.Aff.Class;Effect.Class;Effect.Console;Halogen;Halogen.HTML;Halogen.HTML.Core;Halogen.HTML.Events;Halogen.HTML.Properties;Halogen.Subscription;Halogen.Svg.Attributes;Halogen.Svg.Elements;Hylograph.ForceEngine;Hylograph.ForceEngine.Simulation;Hylograph.Home;Hylograph.RoutingDSL;Hylograph.Shared.Footer;Hylograph.Website.Types;Prelude;Routing.Match;Type.Proxy;Web.UIEvent.MouseEvent"
TourMotion,89,"Affjax.ResponseFormat;Affjax.Web;Component.Tour.TourMotion;Control.Alt;Control.Comonad.Cofree;Control.Monad.Rec.Class;D3.Viz.AnimatedTreeClusterLoop;D3.Viz.AnimatedTreeClusterv2;D3.Viz.LesMisV3.Draw;D3.Viz.LesMisV3.GUPDemo;D3.Viz.LesMisV3.Model;D3.Viz.TreeAPI.StaggeredCircles;D3.Viz.TreeAPI.ThreeLittleCirclesTransition;D3.Viz.TreeAPI.V3GUPDemo;Data.Argonaut.Core;Data.Array;Data.Either;Data.Int;Data.List;Data.Map;Data.Maybe;Data.Nullable;Data.Number;Data.Set;Data.String.CodeUnits;Data.Time.Duration;Data.Traversable;Data.Tree;Data.Tuple;Data.Tuple.Nested;DataViz.Layout.Hierarchy.Cluster;DataViz.Layout.Hierarchy.Tree;Effect;Effect.Aff;Effect.Aff.Class;Effect.Class;Effect.Class.Console;Effect.Console;Effect.Random;Effect.Ref;Foreign;Halogen;Halogen.HTML;Halogen.HTML.Events;Halogen.HTML.Properties;Hylograph.AST;Hylograph.Data.Tree;Hylograph.Expr.Animation;Hylograph.Expr.Datum;Hylograph.Expr.Expr;Hylograph.Expr.Friendly;Hylograph.Expr.Integration;Hylograph.Expr.Interpreter.CodeGen;Hylograph.Expr.Interpreter.Eval;Hylograph.Expr.Sugar;Hylograph.ForceEngine.Halogen;Hylograph.ForceEngine.Links;Hylograph.ForceEngine.Simulation;Hylograph.ForceEngine.Types;Hylograph.HATS;Hylograph.HATS.Friendly;Hylograph.HATS.InterpreterTick;Hylograph.Internal.Attribute;Hylograph.Internal.Behavior.FFI;Hylograph.Internal.Behavior.Types;Hylograph.Internal.Capabilities.Selection;Hylograph.Internal.Capabilities.Transition;Hylograph.Internal.Selection.Types;Hylograph.Internal.Transition.Types;Hylograph.Interpreter.D3;Hylograph.Kernel.D3.Events;Hylograph.Kernel.D3.Links;Hylograph.Kernel.D3.Setup;Hylograph.Kernel.D3.Simulation;Hylograph.Kernel.D3.Types;Hylograph.RoutingDSL;Hylograph.Scale;Hylograph.Shared.DataLoader;Hylograph.Shared.FlareData;Hylograph.Shared.SiteNav;Hylograph.Shared.TourNav;Hylograph.Simulation.Core.Tick;Hylograph.Website.Types;Partial.Unsafe;Prelude;Routing.Match;Type.Proxy;Unsafe.Coerce;Web.DOM.Element"
TourMotionScrolly,83,"Affjax.ResponseFormat;Affjax.Web;Component.Tour.TourMotionAnimations;Component.Tour.TourMotionScrolly;Control.Alt;Control.Comonad.Cofree;Control.Monad.Rec.Class;D3.Viz.LesMisV3.Draw;D3.Viz.LesMisV3.Model;D3.Viz.TreeAPI.AnimatedTreeCluster;Data.Argonaut.Core;Data.Array;Data.Either;Data.Foldable;Data.Int;Data.List;Data.Map;Data.Maybe;Data.Nullable;Data.Number;Data.Options;Data.String;Data.String.CodeUnits;Data.Time.Duration;Data.Traversable;Data.Tree;Data.Tuple;Data.Tuple.Nested;DataViz.Layout.Hierarchy.Cluster;DataViz.Layout.Hierarchy.Tree;Effect;Effect.Aff;Effect.Aff.Class;Effect.Class;Effect.Class.Console;Effect.Console;Effect.Random;Effect.Ref;Foreign;Halogen;Halogen.HTML;Halogen.HTML.Properties;Halogen.Subscription;Hylograph.AST;Hylograph.Expr.Datum;Hylograph.Expr.Expr;Hylograph.Expr.Friendly;Hylograph.Expr.Interpreter.Eval;Hylograph.Expr.Path;Hylograph.ForceEngine.Links;Hylograph.ForceEngine.Simulation;Hylograph.ForceEngine.Types;Hylograph.HATS;Hylograph.HATS.Friendly;Hylograph.HATS.InterpreterTick;Hylograph.Internal.Behavior.FFI;Hylograph.Internal.Behavior.Types;Hylograph.Internal.Capabilities.Selection;Hylograph.Internal.Capabilities.Transition;Hylograph.Internal.Selection.Types;Hylograph.Internal.Transition.Types;Hylograph.Interpreter.D3;Hylograph.RoutingDSL;Hylograph.Scale;Hylograph.Shared.Data;Hylograph.Shared.DataLoader;Hylograph.Shared.SiteNav;Hylograph.Shared.TourNav;Hylograph.Website.Types;Partial.Unsafe;Prelude;Routing.Match;Type.Proxy;Unsafe.Coerce;Web.DOM.Element;Web.DOM.NodeList;Web.DOM.ParentNode;Web.HTML;Web.HTML.HTMLDocument;Web.HTML.Window;Web.Intersection.Observer;Web.Intersection.Observer.Entry;Web.Intersection.Observer.Options"
TourMotionScrollyHATS,86,"Affjax.ResponseFormat;Affjax.Web;Component.Tour.TourMotionAnimations;Component.Tour.TourMotionAnimationsHATS;Component.Tour.TourMotionScrolly;Component.Tour.TourMotionScrollyHATS;Control.Alt;Control.Comonad.Cofree;Control.Monad.Rec.Class;D3.Viz.LesMisV3.Draw;D3.Viz.LesMisV3.Model;D3.Viz.TreeAPI.AnimatedTreeCluster;Data.Argonaut.Core;Data.Array;Data.Either;Data.Foldable;Data.Int;Data.List;Data.Map;Data.Maybe;Data.Nullable;Data.Number;Data.Options;Data.String;Data.String.CodeUnits;Data.Time.Duration;Data.Traversable;Data.Tree;Data.Tuple;Data.Tuple.Nested;DataViz.Layout.Hierarchy.Cluster;DataViz.Layout.Hierarchy.Tree;Effect;Effect.Aff;Effect.Aff.Class;Effect.Class;Effect.Class.Console;Effect.Console;Effect.Random;Effect.Ref;Foreign;Halogen;Halogen.HTML;Halogen.HTML.Properties;Halogen.Subscription;Hylograph.AST;Hylograph.Expr.Datum;Hylograph.Expr.Expr;Hylograph.Expr.Friendly;Hylograph.Expr.Interpreter.Eval;Hylograph.Expr.Path;Hylograph.ForceEngine.Links;Hylograph.ForceEngine.Simulation;Hylograph.ForceEngine.Types;Hylograph.HATS;Hylograph.HATS.Friendly;Hylograph.HATS.InterpreterTick;Hylograph.HATS.Transitions;Hylograph.Internal.Behavior.FFI;Hylograph.Internal.Behavior.Types;Hylograph.Internal.Capabilities.Selection;Hylograph.Internal.Capabilities.Transition;Hylograph.Internal.Selection.Types;Hylograph.Internal.Transition.Types;Hylograph.Interpreter.D3;Hylograph.RoutingDSL;Hylograph.Scale;Hylograph.Shared.Data;Hylograph.Shared.DataLoader;Hylograph.Shared.SiteNav;Hylograph.Shared.TourNav;Hylograph.Website.Types;Partial.Unsafe;Prelude;Routing.Match;Type.Proxy;Unsafe.Coerce;Web.DOM.Element;Web.DOM.NodeList;Web.DOM.ParentNode;Web.HTML;Web.HTML.HTMLDocument;Web.HTML.Window;Web.Intersection.Observer;Web.Intersection.Observer.Entry;Web.Intersection.Observer.Options"
TourProfessional,49,"Affjax.ResponseFormat;Affjax.Web;Component.Tour.TourProfessional;Control.Alt;D3.Viz.TreeAPI.GroupedBarChartExample;D3.Viz.TreeAPI.MultiLineChartExample;D3.Viz.TreeAPI.RadialStackedBarExample;Data.Array;Data.Array.NonEmpty;Data.Either;Data.Foldable;Data.Function;Data.Int;Data.List;Data.Map;Data.Maybe;Data.Nullable;Data.Number;Data.String;Data.String.CodeUnits;Data.Tree;Data.Tuple;Effect;Effect.Aff;Effect.Aff.Class;Effect.Class;Effect.Class.Console;Effect.Console;Halogen;Halogen.HTML;Halogen.HTML.Properties;Hylograph.AST;Hylograph.Axis.Axis;Hylograph.Expr.Expr;Hylograph.Expr.Integration;Hylograph.HATS;Hylograph.HATS.Friendly;Hylograph.HATS.InterpreterTick;Hylograph.Internal.Capabilities.Selection;Hylograph.Internal.Selection.Types;Hylograph.Interpreter.D3;Hylograph.RoutingDSL;Hylograph.Shared.Data;Hylograph.Shared.SiteNav;Hylograph.Shared.TourNav;Hylograph.Website.Types;Prelude;Routing.Match;Web.DOM.Element"
TourScrolly,62,"Affjax.ResponseFormat;Affjax.Web;Component.Tour.TourScrolly;Control.Alt;D3.Viz.TreeAPI.AnscombesOverlay;D3.Viz.TreeAPI.AnscombesQuartet;D3.Viz.TreeAPI.AnscombesSingle;D3.Viz.TreeAPI.MultiLineBasic;D3.Viz.TreeAPI.MultiLineHover;D3.Viz.TreeAPI.ParabolaNoAxes;D3.Viz.TreeAPI.ParabolaWithAxes;D3.Viz.TreeAPI.ParabolaWithLabels;D3.Viz.TreeAPI.ThreeLittleCirclesColored;D3.Viz.TreeAPI.ThreeLittleCirclesGreen;Data.Array;Data.Array.NonEmpty;Data.Either;Data.Foldable;Data.Function;Data.Int;Data.List;Data.Map;Data.Maybe;Data.Nullable;Data.Number;Data.Options;Data.String;Data.String.CodeUnits;Data.Traversable;Data.Tree;Data.Tuple;Effect;Effect.Aff;Effect.Aff.Class;Effect.Class;Effect.Class.Console;Effect.Console;Halogen;Halogen.HTML;Halogen.HTML.Events;Halogen.HTML.Properties;Halogen.Subscription;Hylograph.HATS;Hylograph.HATS.Friendly;Hylograph.HATS.InterpreterTick;Hylograph.Internal.Selection.Types;Hylograph.RoutingDSL;Hylograph.Shared.Data;Hylograph.Shared.SiteNav;Hylograph.Shared.TourNav;Hylograph.Transform;Hylograph.Website.Types;Prelude;Routing.Match;Web.DOM.Element;Web.DOM.ParentNode;Web.HTML;Web.HTML.HTMLDocument;Web.HTML.Window;Web.Intersection.Observer;Web.Intersection.Observer.Entry;Web.Intersection.Observer.Options"
TourSimpsons,67,"Component.Tour.TourSimpsons;Content.Simpsons.Illustration;Content.Simpsons.MoreInfo;Content.Simpsons.ProperPooling;Control.Alt;D3.Viz.Simpsons.App;D3.Viz.Simpsons.DataTable;D3.Viz.Simpsons.Dataset;D3.Viz.Simpsons.Datasets;D3.Viz.Simpsons.DonutChart;D3.Viz.Simpsons.ForceDirected;D3.Viz.Simpsons.ForceViz;D3.Viz.Simpsons.InteractiveParadoxCard;D3.Viz.Simpsons.LineChart;D3.Viz.Simpsons.Pie;D3.Viz.Simpsons.ScatterChart;D3.Viz.Simpsons.Types;Data.Array;Data.Int;Data.Map;Data.Maybe;Data.Nullable;Data.Number;Data.Number.Format;Data.Traversable;Effect;Effect.Aff;Effect.Aff.Class;Effect.Class;Effect.Random;Effect.Ref;Effect.Unsafe;Halogen;Halogen.HTML;Halogen.HTML.Core;Halogen.HTML.Events;Halogen.HTML.Properties;Halogen.Svg.Attributes;Halogen.Svg.Elements;Hylograph.AST;Hylograph.Axis.Axis;Hylograph.Expr.Expr;Hylograph.Expr.Friendly;Hylograph.Expr.Integration;Hylograph.ForceEngine.Core;Hylograph.ForceEngine.Simulation;Hylograph.ForceEngine.Types;Hylograph.Internal.Attribute;Hylograph.Internal.Capabilities.Selection;Hylograph.Internal.FFI;Hylograph.Internal.Selection.Types;Hylograph.Internal.Types;Hylograph.Interpreter.D3;Hylograph.RoutingDSL;Hylograph.Shared.SiteNav;Hylograph.Website.Types;Prelude;Routing.Match;Type.Proxy;Unsafe.Coerce;Web.DOM.Document;Web.DOM.Element;Web.DOM.Node;Web.DOM.ParentNode;Web.HTML;Web.HTML.HTMLDocument;Web.HTML.Window"
TourSonification,24,"Component.Tour.AnscombeAudio;Component.Tour.TourSonification;Control.Alt;Data.Array;Data.Foldable;Data.Int;Data.Maybe;Data.Number.Format;Data.Tuple;Effect;Effect.Aff.Class;Effect.Class;Effect.Ref;Halogen;Halogen.HTML;Halogen.HTML.Events;Halogen.HTML.Properties;Hylograph.Music.Internal.FFI;Hylograph.RoutingDSL;Hylograph.Shared.SiteNav;Hylograph.Shared.TourNav;Hylograph.Website.Types;Prelude;Routing.Match"
TourWealthHealth,47,"Affjax.ResponseFormat;Affjax.Web;Component.Tour.TourWealthHealth;Component.WealthHealth.Actions;Component.WealthHealth.Data;Component.WealthHealth.HTML;Component.WealthHealth.State;Component.WealthHealth.Types;Component.WealthHealth.WealthHealth;Control.Alt;Control.Monad.Rec.Class;D3.Viz.TreeAPI.WealthHealthDraw;Data.Array;Data.Either;Data.Foldable;Data.Generic.Rep;Data.Int;Data.Maybe;Data.Number;Data.Ord;Data.Set;Data.Show.Generic;Effect;Effect.Aff;Effect.Aff.Class;Effect.Class;Effect.Console;Halogen;Halogen.HTML;Halogen.HTML.Events;Halogen.HTML.Properties;Halogen.Subscription;Hylograph.AST;Hylograph.Expr.Expr;Hylograph.Expr.Integration;Hylograph.Internal.Behavior.Types;Hylograph.Internal.Capabilities.Selection;Hylograph.Internal.Selection.Types;Hylograph.Interpreter.D3;Hylograph.RoutingDSL;Hylograph.Shared.SiteNav;Hylograph.Tooltip;Hylograph.Website.Types;Prelude;Routing.Match;Type.Proxy;Web.DOM.Element"
TreeAPI,54,"Affjax.ResponseFormat;Affjax.Web;Component.TreeAPI;Control.Comonad.Cofree;D3.Viz.TreeAPI.BarChartExample;D3.Viz.TreeAPI.GroupedBarChartExample;D3.Viz.TreeAPI.LineChartExample;D3.Viz.TreeAPI.NestedElementsExample;D3.Viz.TreeAPI.ScatterPlotExample;D3.Viz.TreeAPI.SimpleTreeExample;D3.Viz.TreeAPI.ThreeLittleCircles;D3.Viz.TreeAPI.ThreeLittleCirclesTransition;D3.Viz.TreeAPI.ThreeLittleDimensionsExample;D3.Viz.TreeAPI.TreeViz;Data.Array;Data.Either;Data.Foldable;Data.Int;Data.List;Data.Map;Data.Maybe;Data.Nullable;Data.Number;Data.String;Data.String.CodeUnits;Data.Time.Duration;Data.Tree;Data.Tuple;DataViz.Layout.Hierarchy.Tree;Effect;Effect.Aff;Effect.Aff.Class;Effect.Class;Effect.Class.Console;Effect.Console;Effect.Ref;Halogen;Halogen.HTML;Halogen.HTML.Events;Halogen.HTML.Properties;Hylograph.AST;Hylograph.Axis.Axis;Hylograph.Expr.Expr;Hylograph.Expr.Friendly;Hylograph.Expr.Integration;Hylograph.Internal.Capabilities.Selection;Hylograph.Internal.Capabilities.Transition;Hylograph.Internal.Selection.Types;Hylograph.Internal.Transition.Types;Hylograph.Interpreter.D3;Hylograph.Shared.Data;Partial.Unsafe;Prelude;Web.DOM.Element"
TreeBuilder,35,"Control.Alt;Data.Array;Data.Int;Data.Maybe;Data.Number;Data.String;Effect;Effect.Aff.Class;Effect.Class;Effect.Random;Halogen;Halogen.HTML;Halogen.HTML.Events;Halogen.HTML.Properties;Hylograph.AST;Hylograph.Expr.Expr;Hylograph.Expr.Integration;Hylograph.Internal.Attribute;Hylograph.Internal.Capabilities.Selection;Hylograph.Internal.Selection.Types;Hylograph.Interpreter.D3;Hylograph.Interpreter.MetaAST;Hylograph.Interpreter.SemiQuine.TreeToCode;Hylograph.Interpreter.SemiQuine.Types;Hylograph.PrismJS;Hylograph.RoutingDSL;Hylograph.Shared.SiteNav;Hylograph.Website.Types;Prelude;Routing.Match;TreeBuilder.App;TreeBuilder.Interpreter;TreeBuilder.ToTree;TreeBuilder.Types;Web.DOM.Element"
TreeBuilder2,34,"Control.Comonad.Cofree;Data.Array;Data.Foldable;Data.List;Data.Maybe;Data.Tree;DataViz.Layout.Hierarchy.Link;DataViz.Layout.Hierarchy.Tree;Effect;Effect.Aff.Class;Effect.Class;Halogen;Halogen.HTML;Halogen.HTML.Events;Halogen.HTML.Properties;Halogen.Subscription;Hylograph.AST;Hylograph.Expr.Expr;Hylograph.Expr.Integration;Hylograph.Interaction.Zoom;Hylograph.Internal.Behavior.Types;Hylograph.Internal.Capabilities.Selection;Hylograph.Internal.Selection.Types;Hylograph.Interpreter.D3;Hylograph.Transform;Prelude;TreeBuilder2.App;Web.DOM.Document;Web.DOM.Element;Web.DOM.ParentNode;Web.HTML;Web.HTML.HTMLDocument;Web.HTML.Window;Web.UIEvent.KeyboardEvent"
TreeBuilder3,53,"Color;Control.Alt;Control.Comonad.Cofree;Control.Monad.State;Data.Array;Data.Foldable;Data.Int;Data.List;Data.Map;Data.Maybe;Data.String;Data.Tree;Data.Tuple;DataViz.Layout.Hierarchy.Link;DataViz.Layout.Hierarchy.Tree;Effect;Effect.Aff.Class;Effect.Class;Halogen;Halogen.HTML;Halogen.HTML.Events;Halogen.HTML.Properties;Halogen.Subscription;Hylograph.AST;Hylograph.Expr.Friendly;Hylograph.Interaction.Zoom;Hylograph.Internal.Attribute;Hylograph.Internal.Behavior.FFI;Hylograph.Internal.Behavior.Types;Hylograph.Internal.Capabilities.Selection;Hylograph.Internal.Selection.Types;Hylograph.Interpreter.D3;Hylograph.RoutingDSL;Hylograph.Shared.SiteNav;Hylograph.Transform;Hylograph.Website.Types;Prelude;Routing.Match;TreeBuilder3.ASTImporter;TreeBuilder3.App;TreeBuilder3.FormInterpreter;TreeBuilder3.Theme;TreeBuilder3.TreeOps;TreeBuilder3.TypePropagation;TreeBuilder3.Types;Web.DOM.Document;Web.DOM.Element;Web.DOM.ParentNode;Web.HTML;Web.HTML.HTMLDocument;Web.HTML.HTMLElement;Web.HTML.Window;Web.UIEvent.KeyboardEvent"
Understanding,12,"Control.Alt;Data.Maybe;Effect.Aff;Halogen;Halogen.HTML;Halogen.HTML.Properties;Hylograph.RoutingDSL;Hylograph.Shared.SiteNav;Hylograph.Understanding;Hylograph.Website.Types;Prelude;Routing.Match"
UnderstandingAttributes,17,"Component.Shared.DocPage;Component.Understanding.UnderstandingAttributes;Control.Alt;Control.Promise;Data.Maybe;Effect;Effect.Aff.Class;Effect.Class;Halogen;Halogen.HTML;Halogen.HTML.Properties;Hylograph.RoutingDSL;Hylograph.Shared.SiteNav;Hylograph.Website.Types;Prelude;Routing.Match;Type.Proxy"
UnderstandingEmmet,13,"Component.Understanding.UnderstandingEmmet;Control.Alt;Data.Maybe;Effect.Aff;Halogen;Halogen.HTML;Halogen.HTML.Properties;Hylograph.RoutingDSL;Hylograph.Shared.SiteNav;Hylograph.Website.Types;Prelude;Routing.Match;Type.Proxy"
UnderstandingGrammar,12,"Component.Understanding.UnderstandingGrammar;Control.Alt;Data.Maybe;Effect.Aff.Class;Halogen;Halogen.HTML;Halogen.HTML.Properties;Hylograph.RoutingDSL;Hylograph.Shared.SiteNav;Hylograph.Website.Types;Prelude;Routing.Match"
UnderstandingScenes,12,"Component.Understanding.UnderstandingScenes;Control.Alt;Data.Maybe;Effect.Aff.Class;Halogen;Halogen.HTML;Halogen.HTML.Properties;Hylograph.RoutingDSL;Hylograph.Shared.SiteNav;Hylograph.Website.Types;Prelude;Routing.Match"
UnderstandingSelections,12,"Component.Understanding.UnderstandingSelections;Control.Alt;Data.Maybe;Effect.Aff.Class;Halogen;Halogen.HTML;Halogen.HTML.Properties;Hylograph.RoutingDSL;Hylograph.Shared.SiteNav;Hylograph.Website.Types;Prelude;Routing.Match"
UnderstandingTreeAPI,12,"Component.Understanding.UnderstandingTreeAPI;Control.Alt;Data.Maybe;Effect.Aff.Class;Halogen;Halogen.HTML;Halogen.HTML.Properties;Hylograph.RoutingDSL;Hylograph.Shared.SiteNav;Hylograph.Website.Types;Prelude;Routing.Match"
UpdateJoinDemo,18,"Component.UpdateJoinDemo;D3.Viz.TreeAPI.UpdateJoinDemo;Data.Maybe;Data.Time.Duration;Effect.Aff.Class;Effect.Class;Halogen;Halogen.HTML;Halogen.HTML.Events;Halogen.HTML.Properties;Hylograph.AST;Hylograph.Expr.Expr;Hylograph.Expr.Integration;Hylograph.Internal.Capabilities.Selection;Hylograph.Internal.Selection.Types;Hylograph.Internal.Transition.Types;Hylograph.Interpreter.D3;Prelude"
VizMatrix,13,"Data.Array;Data.Maybe;Effect.Aff.Class;Halogen;Halogen.HTML;Halogen.HTML.Events;Halogen.HTML.Properties;Halogen.Svg.Attributes;Halogen.Svg.Elements;Prelude;VizMatrix.App;VizMatrix.Data;VizMatrix.Types"
Wizard,28,""""""";Data.Array;Data.Char;Data.Foldable;Data.Int;Data.Maybe;Data.String;Data.String.CodeUnits;Effect;Effect.Aff;Effect.Aff.Class;Effect.Aff.Compat;Effect.Class;Halogen;Halogen.HTML;Halogen.HTML.Events;Halogen.HTML.Properties;Hylograph.Attributes;Hylograph.Internal.FFI;Hylograph.Internal.Types;Hylograph.Wizard.Datasets;Hylograph.Wizard.FileDownload;Hylograph.Wizard.Generator;Hylograph.Wizard.Templates;Hylograph.Wizard.Wizard;PSD3;Prelude;Unsafe.Coerce"